{
  "project_info": {
    "project_number": "1080580204245",
    "project_id": "ader-edd22",
    "storage_bucket": "ader-edd22.appspot.com"
  },
  "client": [
    {
      "client_info": {
        "mobilesdk_app_id": "1:1080580204245:android:23c535f53c6cf822f2245c",
        "android_client_info": {
          "package_name": "kaleo.chat.app"
        }
      },
      "oauth_client": [
        {
          "client_id": "1080580204245-sian58igrk851fr1rss37kuqj7a8b9cn.apps.googleusercontent.com",
          "client_type": 3
        }
      ],
      "api_key": [
        {
          "current_key": "AIzaSyCxsd9tnFAnLrhF0LeonGY6gnNW3DzA_rU"
        }
      ],
      "services": {
        "appinvite_service": {
          "other_platform_oauth_client": [
            {
              "client_id": "1080580204245-sian58igrk851fr1rss37kuqj7a8b9cn.apps.googleusercontent.com",
              "client_type": 3
            },
            {
              "client_id": "1080580204245-nen1fanhe6nsk73hmgjmdg8hjdnq2e3i.apps.googleusercontent.com",
              "client_type": 2,
              "ios_info": {
                "bundle_id": "kaleo.chat.app"
              }
            }
          ]
        }
      }
    }
  ],
  "configuration_version": "1"
}